ss,mrna,lncrna
A.,0.1406645742565626,0.14937468990266115
A(,0.06621163107009118,0.06573538054026425
A),0.06359836235520912,0.0645943821901869
T.,0.09566223824792489,0.10111020592161778
T(,0.08039011195030912,0.08096280590359392
T),0.0845700445338617,0.08333368302022369
G.,0.052167171333613316,0.051538412505442624
G(,0.09402093111714695,0.08969178997125973
G),0.09095342301550097,0.0863650886995784
C.,0.08193732104600279,0.08520340886769986
C(,0.07416167342040096,0.06999666498617138
C),0.07566251765337643,0.07209348749130029
